{"action":{"misuse":{"Exfiltrate":false,"variety":["Privilege abuse"],"vector":["LAN access"]}},"actor":{"external":{"motive":["Financial"],"variety":["Acquaintance","Other"]},"internal":{"motive":["Unknown","Financial"],"variety":["End-user"]}},"asset":{"assets":[{"variety":"S - Database"}]},"attribute":{"confidentiality":{"data":[{"amount":8700,"variety":"Personal"}],"data_disclosure":"Yes","data_total":8700,"data_victim":["Patient"],"state":["Unknown"]}},"confidence":"High","discovery_method":"Unknown","impact":{"overall_rating":"Unknown"},"incident_id":"D0055CC7-23F7-43E5-9632-DEB29C4A74E9","plus":{"attribute":{"confidentiality":{"credit_monitoring":"U","data_misuse":"Y"}},"created":"2015-03-07T21:09:27Z","master_id":"D0055CC7-23F7-43E5-9632-DEB29C4A74E9","modified":"2015-03-07T21:09:27Z","timeline":{"notification":{"day":24,"month":4,"year":2014}}},"reference":"http://www.telegram.com/article/20140424/NEWS/304249554/1116; http://www.bostonglobe.com/business/2014/08/14/former-health-plan-employee-pleads-guilty-data-theft/YfM73nG1IRDwyZ3cl0MIuN/story.html; https://patch.com/massachusetts/watertown/former-tufts-health-plan-worker-sentenced-theft-customer-data","security_incident":"Confirmed","source_id":"vcdb","summary":"Tufts Health Plan warned subscribers Thursday that personal information for about 8,830 seniors enrolled in the insurer's Medicare plan was stolen.   The Watertown-based organization said the theft included the names, birth dates and Social Security numbers of current and former subscribers of the Tufts Medicare Preferred plan. Medical and health information was not included in the theft, Tufts reported.   \"As soon as we learned of this situation we took immediate action, conducting our own investigations while working very closely and in full cooperation with federal investigators,\" Tufts said in a statement.   It was not immediately clear how or when the information was stolen. The insurer said in a news release that the theft was brought to Tufts' attention by federal officials during an investigation that continues. Tufts reported the theft was not caused by an electronic breach, hacking or information technology system vulnerability.   A Tufts spokeswoman declined to provide more details on the theft. A spokesman for the Office of the Inspector General for Social Security did not immediately return a phone call late Thursday afternoon.   The insurer said it would offer credit monitoring and identity theft protection to people impacted by the theft and to Tufts Medicare Preferred members whose information was not stolen.   \"We cannot convey strongly enough our regret that this incident occurred,\" Tufts said in a statement.   UPDATE:  A former Tufts Health Plan employee was sentenced this week in the theft and disclosure of personal information of thousands of customers, including names, dates of birth and Social Security numbers, the U.S. Attorney's Office said.  Emeline Lubin, 30, pleaded guilty in 2014 to unlawful disclosure of Social Security numbers. She stole the personal data of more than 8,700 customers, primarily over the age of 65, according to the USAO. Lubin, who began working at Tufts Health Plan in Watertown in 2010, gave lists of customers' personal identification information to a Florida man, Sniders Jean-Jacques.  Jean-Jacques and Lubin's brother, Marvin Lubin, were involved in a scheme to steal Social Security benefits and collect fraudulent income tax refunds by using stolen identities to file false returns, authorities said. Jean-Jacques was sentenced to two years in prison in December 2014. Two months earlier, Marvin Lubin was sentenced to one year and one day. ","timeline":{"containment":{"unit":"Unknown"},"discovery":{"unit":"Unknown"},"incident":{"year":2014}},"victim":{"country":["US"],"employee_count":"1001 to 10000","industry":"524114","region":["019021"],"state":"MA","victim_id":"Tufts Health Plan"},"schema_version":"1.3.1"}